iso3,name,iso_num,region,subregion,lat,lon
AFG,Afghanistan,004,Asia,Southern Asia,34.13402601376932,66.59216131095278
ALA,Åland Islands,248,Europe,Northern Europe,,
ALB,Albania,008,Europe,Southern Europe,41.14165894891656,20.061082767269493
DZA,Algeria,012,Africa,Northern Africa,28.350969744889056,2.655846471976913
ASM,American Samoa,016,Oceania,Polynesia,-14.305711987770538,-170.7007316174498
AND,Andorra,020,Europe,Southern Europe,42.54859834854764,1.5802243611232871
AGO,Angola,024,Africa,Sub-Saharan Africa,-12.167424062667942,17.651768783079
AIA,Anguilla,660,Americas,Latin America and the Caribbean,18.222874004219086,-63.06008343771806
ATA,Antarctica,010,,,-77.16987521415838,-177.56451613408842
ATG,Antigua and Barbuda,028,Americas,Latin America and the Caribbean,17.07146759372967,-61.78530823226373
ARG,Argentina,032,Americas,Latin America and the Caribbean,-35.697270518120085,-64.53238503843076
ARM,Armenia,051,Asia,Western Asia,40.17841274230679,45.05490831965259
ABW,Aruba,533,Americas,Latin America and the Caribbean,12.515625722992898,-69.97564014284046
AUS,Australia,036,Oceania,Australia and New Zealand,-25.69733767398308,134.02277170916162
AUT,Austria,040,Europe,Western Europe,47.631858269895794,13.797778364631036
AZE,Azerbaijan,031,Asia,Western Asia,40.3920509942049,48.63459267064432
BHS,Bahamas,044,Americas,Latin America and the Caribbean,24.72162633646784,-78.07275370060313
BHR,Bahrain,048,Asia,Western Asia,26.04798501537066,50.540695402276775
BGD,Bangladesh,050,Asia,Southern Asia,23.673728665121,90.43212562608612
BRB,Barbados,052,Americas,Latin America and the Caribbean,13.183219369337529,-59.557383949150285
BLR,Belarus,112,Europe,Eastern Europe,53.46791374543163,27.964252054715104
BEL,Belgium,056,Europe,Western Europe,50.6182138854095,4.675010154696485
BLZ,Belize,084,Americas,Latin America and the Caribbean,17.24252476647155,-88.68273510023441
BEN,Benin,204,Africa,Sub-Saharan Africa,9.503013199615893,2.305714528830206
BMU,Bermuda,060,Americas,Northern America,32.315067430740726,-64.7458500599169
BTN,Bhutan,064,Asia,Southern Asia,27.42163933959824,90.4671664717386
BOL,Bolivia,068,Americas,Latin America and the Caribbean,-16.7312488393574,-64.45209597511206
BES,"Bonaire, Sint Eustatius and Saba",535,Americas,Latin America and the Caribbean,12.180844982440338,-68.29350445958761
BES,"Bonaire, Sint Eustatius and Saba",535,Americas,Latin America and the Caribbean,17.632512616389718,-63.23739481909494
BES,"Bonaire, Sint Eustatius and Saba",535,Americas,Latin America and the Caribbean,17.4919042294197,-62.97823058944503
BIH,Bosnia and Herzegovina,070,Europe,Southern Europe,44.14415356126429,17.83467240787538
BWA,Botswana,072,Africa,Sub-Saharan Africa,-22.236609002062902,23.85779956995608
BVT,Bouvet Island,074,Americas,Latin America and the Caribbean,-54.42316679395248,3.411969465057627
BRA,Brazil,076,Americas,Latin America and the Caribbean,-11.524630416426652,-54.35520660825642
IOT,British Indian Ocean Territory,086,Africa,Sub-Saharan Africa,-7.323548444385743,72.43501618476016
BRN,Brunei Darussalam,096,Asia,South-eastern Asia,4.543205889917609,114.6430958360464
BGR,Bulgaria,100,Europe,Eastern Europe,42.82043677302438,25.251739122561908
BFA,Burkina Faso,854,Africa,Sub-Saharan Africa,12.108709036312735,-1.6932816211842323
BDI,Burundi,108,Africa,Sub-Saharan Africa,-3.261251993278643,29.88518227845293
CPV,Cabo Verde,132,Africa,Sub-Saharan Africa,15.076411518651645,-23.63401005900474
KHM,Cambodia,116,Asia,South-eastern Asia,12.699186865507777,105.039730786807
CMR,Cameroon,120,Africa,Sub-Saharan Africa,6.294168487480992,12.948474142398265
CAN,Canada,124,Americas,Northern America,57.55048004465564,-98.41680517868062
CYM,Cayman Islands,136,Americas,Latin America and the Caribbean,19.311231805620288,-81.25203208977878
CAF,Central African Republic,140,Africa,Sub-Saharan Africa,6.331390033944319,20.520743419397256
TCD,Chad,148,Africa,Sub-Saharan Africa,15.283493546654505,18.427113900363025
CHL,Chile,152,Americas,Latin America and the Caribbean,-37.82938283049967,-70.76863431739216
CHN,China,156,Asia,Eastern Asia,38.07325481105728,104.69113855849604
CXR,Christmas Island,162,Oceania,Australia and New Zealand,-10.446440802183416,105.70209512200547
CCK,Cocos Islands,166,Oceania,Australia and New Zealand,-12.171249450199545,96.83688767323002
COL,Colombia,170,Americas,Latin America and the Caribbean,4.187753877352739,-72.6445066243485
COM,Comoros,174,Africa,Sub-Saharan Africa,-11.658861474508493,43.34826587429403
COG,Congo,178,Africa,Sub-Saharan Africa,-0.7294391595233845,14.879732849491392
COD,Congo (DRC),180,Africa,Sub-Saharan Africa,-3.338629596207896,23.419827574282188
COK,Cook Islands,184,Oceania,Polynesia,-21.22261325339984,-159.78768870952257
CRI,Costa Rica,188,Americas,Latin America and the Caribbean,9.863467407406214,-84.14673625701816
CIV,Côte d'Ivoire,384,Africa,Sub-Saharan Africa,7.536779279421307,-5.571710194917734
HRV,Croatia,191,Europe,Southern Europe,44.91192100856702,16.625761129583374
CUB,Cuba,192,Americas,Latin America and the Caribbean,21.476176522869448,-79.69817857618705
CUW,Curaçao,531,Americas,Latin America and the Caribbean,12.199996647939832,-68.96939768599042
CYP,Cyprus,196,Asia,Western Asia,35.11700416345239,33.375346009199205
CZE,Czechia,203,Europe,Eastern Europe,49.74917370930982,15.383273292023532
DNK,Denmark,208,Europe,Northern Europe,56.00118817971057,9.378670542409406
DJI,Djibouti,262,Africa,Sub-Saharan Africa,11.750235727618804,42.61349689878951
DMA,Dominica,212,Americas,Latin America and the Caribbean,15.429269860940511,-61.360471946942994
DOM,Dominican Republic,214,Americas,Latin America and the Caribbean,18.77954818522993,-70.43495198520012
ECU,Ecuador,218,Americas,Latin America and the Caribbean,-1.5642721388853116,-78.4630326109714
EGY,Egypt,818,Africa,Northern Africa,26.60517034450628,30.240135435012338
SLV,El Salvador,222,Americas,Latin America and the Caribbean,13.758041517055418,-88.85911489238985
GNQ,Equatorial Guinea,226,Africa,Sub-Saharan Africa,1.595464393659073,10.425456672353825
ERI,Eritrea,232,Africa,Sub-Saharan Africa,15.005533147667684,39.2672401449901
EST,Estonia,233,Europe,Northern Europe,58.64810831123104,25.916870250633806
SWZ,Eswatini,748,Africa,Sub-Saharan Africa,-26.562540935608705,31.510685746082007
ETH,Ethiopia,231,Africa,Sub-Saharan Africa,8.729389557048396,39.91490288654428
FLK,Falkland Islands,238,Americas,Latin America and the Caribbean,-51.75901312766726,-58.746646363799854
FRO,Faroe Islands,234,Europe,Northern Europe,62.13089628149535,-6.981106091312284
FJI,Fiji,242,Oceania,Melanesia,-17.822470952336204,177.98144613732626
FIN,Finland,246,Europe,Northern Europe,65.01578959749911,25.65738433454702
FRA,France,250,Europe,Western Europe,46.6423682169416,2.1940236627886227
GUF,French Guiana,254,Americas,Latin America and the Caribbean,3.857429742497078,-53.32232307156624
PYF,French Polynesia,258,Oceania,Polynesia,-17.674684080120677,-149.40041671099763
ATF,French Southern Territories,260,Africa,Sub-Saharan Africa,-17.06449193630804,42.74374761089645
ATF,French Southern Territories,260,Africa,Sub-Saharan Africa,-49.26329687105643,69.54686984724839
ATF,French Southern Territories,260,Africa,Sub-Saharan Africa,-11.566224871643415,47.29094808154338
GAB,Gabon,266,Africa,Sub-Saharan Africa,-0.628448459921234,11.839410898545754
GMB,Gambia,270,Africa,Sub-Saharan Africa,13.428617959189328,-15.383380385869662
GEO,Georgia,268,Asia,Western Asia,42.17986277737226,43.37886653411224
DEU,Germany,276,Europe,Western Europe,51.08304539800482,10.426171427430804
GHA,Ghana,288,Africa,Sub-Saharan Africa,7.94530467243628,-1.219233362526581
GIB,Gibraltar,292,Europe,Southern Europe,36.14022671336082,-5.345549484594358
GRC,Greece,300,Europe,Southern Europe,39.42012261727978,23.11036893616188
GRL,Greenland,304,Americas,Northern America,74.16847218965994,-42.07567788066985
GRD,Grenada,308,Americas,Latin America and the Caribbean,12.112926656338908,-61.67937937204098
GLP,Guadeloupe,312,Americas,Latin America and the Caribbean,16.24420002705553,-61.54382262282755
GUM,Guam,316,Oceania,Micronesia,13.445430479945276,144.78024458298802
GTM,Guatemala,320,Americas,Latin America and the Caribbean,15.820878515352684,-90.31219349119615
GGY,Guernsey,831,Europe,Northern Europe,49.45870771378872,-2.576392582891568
GIN,Guinea,324,Africa,Sub-Saharan Africa,10.255986541378112,-10.986948848040218
GNB,Guinea-Bissau,624,Africa,Sub-Saharan Africa,11.980075324820504,-14.980186756910848
GUY,Guyana,328,Americas,Latin America and the Caribbean,4.68211981385056,-58.91352612754667
HTI,Haiti,332,Americas,Latin America and the Caribbean,18.883520486983567,-72.89291379842
HMD,Heard Island and McDonald Islands,334,Oceania,Australia and New Zealand,-53.084170035513736,73.49298560844045
VAT,Holy See,336,Europe,Southern Europe,41.90402351316735,12.451312917026131
HND,Honduras,340,Americas,Latin America and the Caribbean,14.740370695750006,-86.49251679006962
HKG,Hong Kong,344,Asia,Eastern Asia,22.3,114.2
HUN,Hungary,348,Europe,Eastern Europe,47.22527332486294,19.39620048366142
ISL,Iceland,352,Europe,Northern Europe,65.12360920205514,-19.05682967106099
IND,India,356,Asia,Southern Asia,23.58630056774672,81.17300408530181
IDN,Indonesia,360,Asia,South-eastern Asia,0.1559197995903765,113.96538246847302
IRN,Iran,364,Asia,Southern Asia,32.906023742890056,54.23707700106544
IRQ,Iraq,368,Asia,Western Asia,33.105075667527906,43.83252918105688
IRL,Ireland,372,Europe,Northern Europe,53.30489539816495,-8.241128545554096
IMN,Isle of Man,833,Europe,Northern Europe,54.22855301008011,-4.532995055468449
ISR,Israel,376,Asia,Western Asia,31.513542220043195,35.027923472437024
ITA,Italy,380,Europe,Southern Europe,42.98201127614267,12.763657166123137
JAM,Jamaica,388,Americas,Latin America and the Caribbean,18.12207889341651,-77.30358894542778
JPN,Japan,392,Asia,Eastern Asia,36.76738832597829,137.46934234351835
JEY,Jersey,832,Europe,Northern Europe,49.21539692572431,-2.129160116265357
JOR,Jordan,400,Asia,Western Asia,31.38706488444916,36.95728884547246
KAZ,Kazakhstan,398,Asia,Central Asia,47.64146519517684,66.3759193479301
KEN,Kenya,404,Africa,Sub-Saharan Africa,0.6899182318376179,37.95309411262371
KIR,Kiribati,296,Oceania,Micronesia,1.8676673749241064,-157.39024189323504
PRK,North Korea,408,Asia,Eastern Asia,40.19198091470839,127.3379805653744
KOR,Korea,410,Asia,Eastern Asia,36.402386712544114,127.76224551357647
KWT,Kuwait,414,Asia,Western Asia,29.28136096544309,47.56311109320184
KGZ,Kyrgyzstan,417,Asia,Central Asia,41.35698905438358,74.17532903468319
LAO,Laos,418,Asia,South-eastern Asia,18.11728273687328,103.76375899026448
LVA,Latvia,428,Europe,Northern Europe,56.81385304755416,24.693671325654403
LBN,Lebanon,422,Asia,Western Asia,33.91160170722086,35.89651946324749
LSO,Lesotho,426,Africa,Sub-Saharan Africa,-29.60168116924817,28.24475317864227
LBR,Liberia,430,Africa,Sub-Saharan Africa,6.52012979398834,-9.258988935497618
LBY,Libya,434,Africa,Northern Africa,27.2029157716908,17.91133392454237
LIE,Liechtenstein,438,Europe,Western Europe,47.14627562133036,9.547674672376376
LTU,Lithuania,440,Europe,Northern Europe,55.29437393417175,23.94602160501353
LUX,Luxembourg,442,Europe,Western Europe,49.77523454542369,6.103230338458876
MAC,Macao,446,Asia,Eastern Asia,22.2,113.5
MDG,Madagascar,450,Africa,Sub-Saharan Africa,-19.04163612493041,46.68493466832544
MWI,Malawi,454,Africa,Sub-Saharan Africa,-13.128986464184024,34.23441182298881
MYS,Malaysia,458,Asia,South-eastern Asia,3.6716608556387857,114.63330303992868
MDV,Maldives,462,Asia,Southern Asia,-0.6065577168009924,73.10076245140479
MLI,Mali,466,Africa,Sub-Saharan Africa,17.168146208584837,-4.346399841781153
MLT,Malta,470,Europe,Southern Europe,35.890522650899314,14.441922442508494
MHL,Marshall Islands,584,Oceania,Micronesia,7.307929900994344,168.72016025351076
MTQ,Martinique,474,Americas,Latin America and the Caribbean,14.642697353597644,-61.01432380875083
MRT,Mauritania,478,Africa,Sub-Saharan Africa,20.466731212820022,-10.495079045035716
MUS,Mauritius,480,Africa,Sub-Saharan Africa,-20.28142317475198,57.56415671066546
MYT,Mayotte,175,Africa,Sub-Saharan Africa,-12.824468416301052,45.12814232703106
MEX,Mexico,484,Americas,Latin America and the Caribbean,23.87436068093592,-101.55399731630118
FSM,Micronesia,583,Oceania,Micronesia,6.878944812925544,158.2291899444527
MDA,Moldova,498,Europe,Eastern Europe,47.0725674580696,28.391111865941348
MCO,Monaco,492,Europe,Western Europe,43.74798224995656,7.412820873271196
MNG,Mongolia,496,Asia,Eastern Asia,47.08644454604851,103.3987360327455
MNE,Montenegro,499,Europe,Southern Europe,42.73694835210454,19.29505087156758
MSR,Montserrat,500,Americas,Latin America and the Caribbean,16.735363391460357,-62.18693281256255
MAR,Morocco,504,Africa,Northern Africa,28.687598134979325,-8.817212587250811
MOZ,Mozambique,508,Africa,Sub-Saharan Africa,-17.525230309488748,35.208577031290176
MMR,Myanmar,104,Asia,South-eastern Asia,19.90122793139988,97.08892285397344
NAM,Namibia,516,Africa,Sub-Saharan Africa,-21.90858163281473,18.16451345845268
NRU,Nauru,520,Oceania,Micronesia,-0.5221021440668993,166.92937633139178
NPL,Nepal,524,Asia,Southern Asia,28.300920699755657,84.1338898313567
NLD,"Netherlands, Kingdom of the",528,Europe,Western Europe,52.134054128923886,5.554136426128487
NCL,New Caledonia,540,Oceania,Melanesia,-21.33003372660827,165.50767040438612
NZL,New Zealand,554,Oceania,Australia and New Zealand,-43.82765432544426,170.69035541428696
NIC,Nicaragua,558,Americas,Latin America and the Caribbean,12.893566631930554,-85.016088327669
NER,Niger,562,Africa,Sub-Saharan Africa,17.08105392407292,8.86863247002646
NGA,Nigeria,566,Africa,Sub-Saharan Africa,9.61029352034213,8.147714845256194
NIU,Niue,570,Oceania,Polynesia,-19.05230921680393,-169.86878106699083
NFK,Norfolk Island,574,Oceania,Australia and New Zealand,-29.03765444504628,167.95259597483337
MKD,North Macedonia,807,Europe,Southern Europe,41.59402890143112,21.70998923872772
MNP,Northern Mariana Islands,580,Oceania,Micronesia,15.178063516432116,145.74119737203134
NOR,Norway,578,Europe,Northern Europe,64.97775882947745,16.670259272390894
OMN,Oman,512,Asia,Western Asia,20.7242833183209,55.841088119829
PAK,Pakistan,586,Asia,Southern Asia,30.11618837141088,69.08835090769651
PLW,Palau,585,Oceania,Micronesia,7.534775852547396,134.57965086721052
PSE,Palestine,275,Asia,Western Asia,31.930818736453883,35.24251184154588
PAN,Panama,591,Americas,Latin America and the Caribbean,8.439536749576892,-80.14428761482796
PNG,Papua New Guinea,598,Oceania,Melanesia,-7.156912819152135,144.8348942994695
PRY,Paraguay,600,Americas,Latin America and the Caribbean,-23.42190559259428,-58.38906357428651
PER,Peru,604,Americas,Latin America and the Caribbean,-8.522717984240291,-74.11416196781884
PHL,Philippines,608,Asia,South-eastern Asia,15.586542251094242,121.82208941416744
PCN,Pitcairn,612,Oceania,Polynesia,-24.36612174756545,-128.3149848627581
POL,Poland,616,Europe,Eastern Europe,52.06848055692473,19.43573279234468
PRT,Portugal,620,Europe,Southern Europe,39.67529214702138,-7.933662183874006
PRI,Puerto Rico,630,Americas,Latin America and the Caribbean,18.216224086610914,-66.49425339593509
QAT,Qatar,634,Asia,Western Asia,25.318528486425382,51.19794918743203
REU,Réunion,638,Africa,Sub-Saharan Africa,-21.119825460665105,55.54393506194689
ROU,Romania,642,Europe,Eastern Europe,45.82454894397586,25.09415820156329
RUS,Russia,643,Europe,Eastern Europe,59.039434214106194,98.6704990698032
RWA,Rwanda,646,Africa,Sub-Saharan Africa,-2.014687460047154,29.91943968176408
BLM,Saint Barthélemy,652,Americas,Latin America and the Caribbean,17.90561691241738,-62.83051610005156
SHN,"Saint Helena, Ascension and Tristan da Cunha",654,Africa,Sub-Saharan Africa,-15.962963318340398,-5.717391620813109
KNA,Saint Kitts and Nevis,659,Americas,Latin America and the Caribbean,17.314736299587768,-62.74560385895787
LCA,Saint Lucia,662,Americas,Latin America and the Caribbean,13.895749185129906,-60.9689510935251
MAF,Saint Martin,663,Americas,Latin America and the Caribbean,18.078012113224464,-63.06678525361946
SPM,Saint Pierre and Miquelon,666,Americas,Northern America,46.95153913615198,-56.32465353437558
VCT,Saint Vincent and the Grenadines,670,Americas,Latin America and the Caribbean,13.254808122970651,-61.19376635439304
WSM,Samoa,882,Oceania,Polynesia,-13.634252953274622,-172.44107655740137
SMR,San Marino,674,Europe,Southern Europe,43.942820729097896,12.461278349581722
STP,Sao Tome and Principe,678,Africa,Sub-Saharan Africa,0.2274470429479377,6.606158796857607
SAU,Saudi Arabia,682,Asia,Western Asia,24.136038144757897,44.6009581782256
SEN,Senegal,686,Africa,Sub-Saharan Africa,14.228861491763402,-14.610875368352303
SRB,Serbia,688,Europe,Southern Europe,44.02679870131969,20.85677444395745
SYC,Seychelles,690,Africa,Sub-Saharan Africa,-4.660002318822744,55.47250789595527
SLE,Sierra Leone,694,Africa,Sub-Saharan Africa,8.561330384750587,-11.78656695731115
SGP,Singapore,702,Asia,South-eastern Asia,1.3528251890006349,103.81025757634052
SXM,Sint Maarten,534,Americas,Latin America and the Caribbean,18.03942608463078,-63.06883135915303
SVK,Slovakia,703,Europe,Eastern Europe,48.69808390520484,19.58101536249097
SVN,Slovenia,705,Europe,Southern Europe,46.13759229564504,14.89063689997378
SLB,Solomon Islands,090,Oceania,Melanesia,-9.613104734596517,160.16475795033884
SOM,Somalia,706,Africa,Sub-Saharan Africa,6.524534573103924,45.40037867243972
ZAF,South Africa,710,Africa,Sub-Saharan Africa,-28.55361930679731,24.75252746489084
SGS,South Georgia and the South Sandwich Islands,239,Americas,Latin America and the Caribbean,-54.37666443862139,-36.77509575898928
SSD,South Sudan,728,Africa,Sub-Saharan Africa,7.657782041763295,30.3851856901788
ESP,Spain,724,Europe,Southern Europe,40.36500833668384,-3.6516251409956975
ESP,Spain,724,Europe,Southern Europe,28.297665106525542,-16.53799441021647
LKA,Sri Lanka,144,Asia,Southern Asia,7.696630939329944,80.66931169770622
SDN,Sudan,729,Africa,Northern Africa,15.67060230984256,29.951458283594064
SUR,Suriname,740,Americas,Latin America and the Caribbean,4.098723595920171,-55.855514311561286
SJM,Svalbard and Jan Mayen,744,Europe,Northern Europe,78.57318936469626,16.036378851505283
SWE,Sweden,752,Europe,Northern Europe,62.73420986108448,17.062431988004956
CHE,Switzerland,756,Europe,Western Europe,46.73678128684938,8.286928794895285
SYR,Syria,760,Asia,Western Asia,35.09751106058316,38.5117323139514
TWN,Taiwan,158,Asia,Eastern Asia,23.7,121.0
TJK,Tajikistan,762,Asia,Central Asia,38.56933138382972,70.94215281065698
TZA,Tanzania,834,Africa,Sub-Saharan Africa,-6.355794440041147,34.81832206060381
THA,Thailand,764,Asia,South-eastern Asia,13.66222784745538,101.08675116214552
TLS,Timor-Leste,626,Asia,South-eastern Asia,-8.809894630601962,125.9502404956266
TGO,Togo,768,Africa,Sub-Saharan Africa,8.660743037717811,0.8990857571109684
TKL,Tokelau,772,Oceania,Polynesia,-9.195174767256544,-171.85265950722743
TON,Tonga,776,Oceania,Polynesia,-21.15927212823853,-175.20415878511247
TTO,Trinidad and Tobago,780,Americas,Latin America and the Caribbean,10.415515638298093,-61.37236579976247
TUN,Tunisia,788,Africa,Northern Africa,34.08636179565723,9.65587551697984
TUR,Turkey,792,Asia,Western Asia,38.93207363123396,35.56886764076691
TKM,Turkmenistan,795,Asia,Central Asia,39.06069118001429,58.4577357627054
TCA,Turks and Caicos Islands,796,Americas,Latin America and the Caribbean,21.799865427483745,-71.74058946811508
TUV,Tuvalu,798,Oceania,Polynesia,-8.514701506447222,179.217833977593
UGA,Uganda,800,Africa,Sub-Saharan Africa,1.2821729218416205,32.34371768463123
UKR,Ukraine,804,Europe,Eastern Europe,48.657532515563794,31.27377208442636
ARE,United Arab Emirates,784,Asia,Western Asia,24.18250292309135,54.27920525789581
GBR,United Kingdom,826,Europe,Northern Europe,53.97844735080214,-2.852943909329258
USA,United States,840,Americas,Northern America,38.8208089190304,-96.3316166082964
UMI,United States Minor Outlying Islands,581,Oceania,Micronesia,19.30204581221596,166.63800339749642
URY,Uruguay,858,Americas,Latin America and the Caribbean,-32.78195043831093,-56.01919523458085
UZB,Uzbekistan,860,Asia,Central Asia,41.4879065244633,63.8548297593985
VUT,Vanuatu,548,Oceania,Melanesia,-15.189132121699332,166.84912735669738
VEN,Venezuela,862,Americas,Latin America and the Caribbean,7.148324760507107,-66.36492135985132
VNM,Vietnam,704,Asia,South-eastern Asia,16.517347170839393,105.91338832758704
VGB,Virgin Islands,092,Americas,Latin America and the Caribbean,18.42195819619707,-64.62406519257699
VIR,Virgin Islands,850,Americas,Latin America and the Caribbean,17.738009708772523,-64.76155341409797
WLF,Wallis and Futuna,876,Oceania,Polynesia,-14.283442307826675,-178.12735555777184
ESH,Western Sahara,732,Africa,Northern Africa,24.5,-13.0
YEM,Yemen,887,Asia,Western Asia,16.001392616307445,47.46815793206386
ZMB,Zambia,894,Africa,Sub-Saharan Africa,-13.162832953186246,27.75521363430896
ZWE,Zimbabwe,716,Africa,Sub-Saharan Africa,-18.92700121981475,29.717829640720844
XKX,Kosovo,-99,Europe,Southern Europe,42.6,20.9
